<?xml version="1.0" encoding="UTF-8"?>
<project-private xmlns="http://www.netbeans.org/ns/project-private/1">
    <editor-bookmarks xmlns="http://www.netbeans.org/ns/editor-bookmarks/2" lastBookmarkId="0"/>
    <open-files xmlns="http://www.netbeans.org/ns/projectui-open-files/2">
        <group>
            <file>file:/C:/Users/Zeeshan%20Khan/Documents/NetBeansProjects/PROJECT-master/src/GUI/NewJFrame.java</file>
            <file>file:/C:/Users/Zeeshan%20Khan/Documents/NetBeansProjects/PROJECT-master/src/GUI/Transformation4.java</file>
            <file>file:/C:/Users/Zeeshan%20Khan/Documents/NetBeansProjects/PROJECT-master/src/GUI/to_wgs.csv</file>
            <file>file:/C:/Users/Zeeshan%20Khan/Documents/NetBeansProjects/PROJECT-master/src/GUI/recent.csv</file>
        </group>
    </open-files>
</project-private>
